,Paths,Angle
0,2024-06-21 00-45-31_1.png,0.0
1,2024-06-21 00-45-32_2.png,0.0
2,2024-06-21 00-45-32_3.png,0.0
3,2024-06-21 00-45-33_4.png,0.0
4,2024-06-21 00-45-34_5.png,0.0
5,2024-06-21 00-45-34_6.png,0.0
6,2024-06-21 00-45-35_7.png,0.0
7,2024-06-21 00-45-35_8.png,0.0
8,2024-06-21 00-45-36_9.png,0.0
9,2024-06-21 00-45-36_10.png,0.0
10,2024-06-21 00-45-37_11.png,0.0
11,2024-06-21 00-45-37_12.png,0.0
12,2024-06-21 00-45-38_13.png,0.0
13,2024-06-21 00-45-38_14.png,0.0
14,2024-06-21 00-45-39_15.png,0.0
15,2024-06-21 00-45-39_16.png,0.0
16,2024-06-21 00-45-40_17.png,0.0
17,2024-06-21 00-45-40_18.png,0.0
18,2024-06-21 00-45-41_19.png,0.0
19,2024-06-21 00-45-41_20.png,0.0
20,2024-06-21 00-45-42_21.png,0.0
21,2024-06-21 00-45-43_22.png,0.0
22,2024-06-21 00-45-43_23.png,0.0
23,2024-06-21 00-45-44_24.png,0.0
24,2024-06-21 00-45-44_25.png,0.0
25,2024-06-21 00-45-45_26.png,0.0
26,2024-06-21 00-45-45_27.png,0.0
27,2024-06-21 00-45-46_28.png,0.0
28,2024-06-21 00-45-46_29.png,0.0
29,2024-06-21 00-45-47_30.png,0.0
30,2024-06-21 00-45-47_31.png,0.0
31,2024-06-21 00-45-48_32.png,0.0
32,2024-06-21 00-45-48_33.png,0.0
33,2024-06-21 00-45-49_34.png,0.0
34,2024-06-21 00-45-50_35.png,0.0
35,2024-06-21 00-45-50_36.png,0.0
36,2024-06-21 00-45-51_37.png,0.0
37,2024-06-21 00-45-51_38.png,0.0
38,2024-06-21 00-45-52_39.png,0.0
39,2024-06-21 00-45-52_40.png,0.0
40,2024-06-21 00-45-53_41.png,0.0
41,2024-06-21 00-45-53_42.png,0.0
42,2024-06-21 00-45-54_43.png,0.0
43,2024-06-21 00-45-54_44.png,0.0
44,2024-06-21 00-45-55_45.png,0.0
45,2024-06-21 00-45-55_46.png,0.0
46,2024-06-21 00-45-56_47.png,0.0
47,2024-06-21 00-45-57_48.png,0.0
48,2024-06-21 00-45-57_49.png,0.0
49,2024-06-21 00-45-58_50.png,0.0
50,2024-06-21 00-45-58_51.png,0.0
51,2024-06-21 00-45-59_52.png,0.0
52,2024-06-21 00-45-59_53.png,0.0
53,2024-06-21 00-46-00_54.png,0.0
54,2024-06-21 00-46-00_55.png,0.0
55,2024-06-21 00-46-01_56.png,0.0
56,2024-06-21 00-46-01_57.png,0.0
57,2024-06-21 00-46-02_58.png,0.0
58,2024-06-21 00-46-02_59.png,0.0
59,2024-06-21 00-46-03_60.png,0.0
60,2024-06-21 00-46-03_61.png,0.0
61,2024-06-21 00-46-04_62.png,0.0
62,2024-06-21 00-46-04_63.png,0.0
63,2024-06-21 00-46-05_64.png,0.0
64,2024-06-21 00-46-06_65.png,0.0
65,2024-06-21 00-46-06_66.png,0.0
66,2024-06-21 00-46-07_67.png,0.0
67,2024-06-21 00-46-07_68.png,-0.05468916898098697
68,2024-06-21 00-46-08_69.png,0.0
69,2024-06-21 00-46-08_70.png,0.0
70,2024-06-21 00-46-09_71.png,0.0
71,2024-06-21 00-46-09_72.png,-0.019531846064638203
72,2024-06-21 00-46-10_73.png,0.0
73,2024-06-21 00-46-10_74.png,-0.05078279976805933
74,2024-06-21 00-46-11_75.png,-0.10937833796197394
75,2024-06-21 00-46-11_76.png,-0.1718802453688162
76,2024-06-21 00-46-12_77.png,-0.1250038148136845
77,2024-06-21 00-46-12_78.png,-0.10156559953611866
78,2024-06-21 00-46-13_79.png,0.0
79,2024-06-21 00-46-14_80.png,-0.007812738425855281
80,2024-06-21 00-46-14_81.png,-0.007812738425855281
81,2024-06-21 00-46-15_82.png,-0.05078279976805933
82,2024-06-21 00-46-15_83.png,-0.05078279976805933
83,2024-06-21 00-46-16_84.png,-0.05468916898098697
84,2024-06-21 00-46-16_85.png,-0.06640827661976989
85,2024-06-21 00-46-17_86.png,-0.04297006134220405
86,2024-06-21 00-46-17_87.png,-0.08203375347148045
87,2024-06-21 00-46-18_88.png,-0.06250190740684225
88,2024-06-21 00-46-18_89.png,-0.05078279976805933
89,2024-06-21 00-46-19_90.png,-0.06250190740684225
90,2024-06-21 00-46-19_91.png,-0.11328470717490158
91,2024-06-21 00-46-20_92.png,-0.09375286111026337
92,2024-06-21 00-46-21_93.png,-0.08984649189733573
93,2024-06-21 00-46-21_94.png,-0.08984649189733573
94,2024-06-21 00-46-22_95.png,-0.0859401226844081
95,2024-06-21 00-46-22_96.png,0.0
96,2024-06-21 00-46-23_97.png,0.0
97,2024-06-21 00-46-23_98.png,0.0
98,2024-06-21 00-46-24_99.png,0.0
99,2024-06-21 00-46-24_100.png,0.0
100,2024-06-21 00-46-25_101.png,0.0
101,2024-06-21 00-46-25_102.png,-0.06250190740684225
102,2024-06-21 00-46-26_103.png,0.0
103,2024-06-21 00-46-26_104.png,0.0
104,2024-06-21 00-46-27_105.png,0.0
105,2024-06-21 00-46-28_106.png,0.0
106,2024-06-21 00-46-28_107.png,0.0
107,2024-06-21 00-46-29_108.png,0.0
108,2024-06-21 00-46-29_109.png,0.0
109,2024-06-21 00-46-30_110.png,0.0
110,2024-06-21 00-46-30_111.png,0.0
111,2024-06-21 00-46-31_112.png,0.015884884182256538
112,2024-06-21 00-46-31_113.png,0.0
113,2024-06-21 00-46-32_114.png,0.0
114,2024-06-21 00-46-32_115.png,-0.035157322916348765
115,2024-06-21 00-46-33_116.png,0.0
116,2024-06-21 00-46-33_117.png,0.0
117,2024-06-21 00-46-34_118.png,0.0
118,2024-06-21 00-46-35_119.png,0.28174687948240607
119,2024-06-21 00-46-35_120.png,-0.05859553819391461
120,2024-06-21 00-46-36_121.png,-0.11719107638782922
121,2024-06-21 00-46-36_122.png,-0.015625476851710562
122,2024-06-21 00-46-37_123.png,-0.07422101504562517
123,2024-06-21 00-46-37_124.png,0.0
124,2024-06-21 00-46-38_125.png,0.0
125,2024-06-21 00-46-38_126.png,0.0
126,2024-06-21 00-46-39_127.png,0.0
127,2024-06-21 00-46-39_128.png,-0.007812738425855281
128,2024-06-21 00-46-40_129.png,0.0
129,2024-06-21 00-46-40_130.png,-0.007812738425855281
130,2024-06-21 00-46-41_131.png,0.0
131,2024-06-21 00-46-42_132.png,0.0
132,2024-06-21 00-46-42_133.png,0.0
133,2024-06-21 00-46-43_134.png,0.0
134,2024-06-21 00-46-43_135.png,0.0
135,2024-06-21 00-46-44_136.png,0.0
136,2024-06-21 00-46-44_137.png,0.0
137,2024-06-21 00-46-45_138.png,0.0
138,2024-06-21 00-46-45_139.png,0.0
139,2024-06-21 00-46-46_140.png,0.0
140,2024-06-21 00-46-46_141.png,0.0
141,2024-06-21 00-46-47_142.png,0.0
142,2024-06-21 00-46-47_143.png,0.0
143,2024-06-21 00-46-48_144.png,0.0
144,2024-06-21 00-46-48_145.png,0.0
145,2024-06-21 00-46-49_146.png,0.0
146,2024-06-21 00-46-50_147.png,0.0
147,2024-06-21 00-46-50_148.png,0.0
148,2024-06-21 00-46-51_149.png,0.0
149,2024-06-21 00-46-51_150.png,0.0
150,2024-06-21 00-46-52_151.png,0.007950071718497268
151,2024-06-21 00-46-52_152.png,0.0
152,2024-06-21 00-46-53_153.png,0.0
153,2024-06-21 00-46-53_154.png,0.0
154,2024-06-21 00-46-54_155.png,0.0
155,2024-06-21 00-46-54_156.png,0.0
156,2024-06-21 00-46-55_157.png,0.0
157,2024-06-21 00-46-55_158.png,0.0
158,2024-06-21 00-46-56_159.png,0.0
159,2024-06-21 00-46-56_160.png,0.0
160,2024-06-21 00-46-57_161.png,0.0
161,2024-06-21 00-46-58_162.png,0.0
162,2024-06-21 00-46-58_163.png,1.5259254737998596e-05
163,2024-06-21 00-46-59_164.png,1.5259254737998596e-05
164,2024-06-21 00-46-59_165.png,0.0
165,2024-06-21 00-47-00_166.png,0.0
166,2024-06-21 00-47-00_167.png,0.0
167,2024-06-21 00-47-01_168.png,0.0
168,2024-06-21 00-47-01_169.png,0.0
169,2024-06-21 00-47-02_170.png,0.007950071718497268
170,2024-06-21 00-47-02_171.png,0.003982665486617634
171,2024-06-21 00-47-03_172.png,0.0
172,2024-06-21 00-47-03_173.png,0.0
173,2024-06-21 00-47-04_174.png,0.0
174,2024-06-21 00-47-04_175.png,0.0
175,2024-06-21 00-47-05_176.png,0.0
176,2024-06-21 00-47-06_177.png,0.0
177,2024-06-21 00-47-06_178.png,0.0
178,2024-06-21 00-47-07_179.png,0.0
179,2024-06-21 00-47-07_180.png,0.0
180,2024-06-21 00-47-08_181.png,-0.003906369212927641
181,2024-06-21 00-47-08_182.png,0.0
182,2024-06-21 00-47-09_183.png,0.015884884182256538
183,2024-06-21 00-47-09_184.png,0.0
184,2024-06-21 00-47-10_185.png,0.0
185,2024-06-21 00-47-10_186.png,0.0
186,2024-06-21 00-47-11_187.png,0.0
187,2024-06-21 00-47-11_188.png,0.0
188,2024-06-21 00-47-12_189.png,0.0
189,2024-06-21 00-47-12_190.png,0.0
190,2024-06-21 00-47-13_191.png,0.0
191,2024-06-21 00-47-14_192.png,0.0
192,2024-06-21 00-47-14_193.png,0.0
193,2024-06-21 00-47-15_194.png,-0.039063692129276406
194,2024-06-21 00-47-15_195.png,0.0
195,2024-06-21 00-47-16_196.png,-0.07812738425855281
196,2024-06-21 00-47-16_197.png,0.0
197,2024-06-21 00-47-17_198.png,0.0
198,2024-06-21 00-47-17_199.png,-0.023438215277565844
199,2024-06-21 00-47-18_200.png,-0.04297006134220405
200,2024-06-21 00-47-18_201.png,-0.07031464583269753
201,2024-06-21 00-47-19_202.png,-0.039063692129276406
202,2024-06-21 00-47-19_203.png,-0.019531846064638203
203,2024-06-21 00-47-20_204.png,-0.035157322916348765
204,2024-06-21 00-47-20_205.png,-0.04297006134220405
205,2024-06-21 00-47-21_206.png,-0.04687643055513169
206,2024-06-21 00-47-22_207.png,-0.05078279976805933
207,2024-06-21 00-47-22_208.png,-0.05859553819391461
208,2024-06-21 00-47-23_209.png,-0.05468916898098697
209,2024-06-21 00-47-23_210.png,0.0
210,2024-06-21 00-47-24_211.png,0.0
211,2024-06-21 00-47-24_212.png,-0.031250953703421125
212,2024-06-21 00-47-25_213.png,-0.019531846064638203
213,2024-06-21 00-47-25_214.png,-0.003906369212927641
214,2024-06-21 00-47-26_215.png,-0.003906369212927641
215,2024-06-21 00-47-26_216.png,-0.05078279976805933
216,2024-06-21 00-47-27_217.png,-0.031250953703421125
217,2024-06-21 00-47-27_218.png,-0.003906369212927641
218,2024-06-21 00-47-28_219.png,-0.003906369212927641
219,2024-06-21 00-47-28_220.png,-0.04297006134220405
220,2024-06-21 00-47-29_221.png,-0.10156559953611866
221,2024-06-21 00-47-30_222.png,-0.14844203009125034
222,2024-06-21 00-47-30_223.png,-0.011719107638782922
223,2024-06-21 00-47-31_224.png,-0.023438215277565844
224,2024-06-21 00-47-31_225.png,-0.07812738425855281
225,2024-06-21 00-47-32_226.png,0.0
226,2024-06-21 00-47-32_227.png,0.0
227,2024-06-21 00-47-33_228.png,0.0
228,2024-06-21 00-47-33_229.png,-0.05468916898098697
229,2024-06-21 00-47-34_230.png,-0.06250190740684225
230,2024-06-21 00-47-34_231.png,0.0
231,2024-06-21 00-47-35_232.png,0.0
232,2024-06-21 00-47-35_233.png,0.0
233,2024-06-21 00-47-36_234.png,0.0
234,2024-06-21 00-47-37_235.png,-0.05859553819391461
235,2024-06-21 00-47-37_236.png,-0.027344584490493484
236,2024-06-21 00-47-38_237.png,0.0
237,2024-06-21 00-47-38_238.png,-0.035157322916348765
238,2024-06-21 00-47-39_239.png,-0.023438215277565844
239,2024-06-21 00-47-39_240.png,-0.031250953703421125
240,2024-06-21 00-47-40_241.png,-0.023438215277565844
241,2024-06-21 00-47-40_242.png,-0.007812738425855281
242,2024-06-21 00-47-41_243.png,-0.027344584490493484
243,2024-06-21 00-47-41_244.png,-0.06250190740684225
244,2024-06-21 00-47-42_245.png,-0.039063692129276406
245,2024-06-21 00-47-42_246.png,0.0
246,2024-06-21 00-47-43_247.png,-0.04687643055513169
247,2024-06-21 00-47-43_248.png,-0.06640827661976989
248,2024-06-21 00-47-44_249.png,0.0
249,2024-06-21 00-47-44_250.png,0.0
250,2024-06-21 00-47-45_251.png,0.0
251,2024-06-21 00-47-46_252.png,-0.007812738425855281
252,2024-06-21 00-47-46_253.png,0.0
253,2024-06-21 00-47-47_254.png,-0.035157322916348765
254,2024-06-21 00-47-47_255.png,0.0
255,2024-06-21 00-47-48_256.png,0.0
256,2024-06-21 00-47-48_257.png,0.0
257,2024-06-21 00-47-49_258.png,0.0
258,2024-06-21 00-47-49_259.png,0.0
259,2024-06-21 00-47-50_260.png,0.0
260,2024-06-21 00-47-50_261.png,0.0
261,2024-06-21 00-47-51_262.png,0.0
262,2024-06-21 00-47-51_263.png,0.0
263,2024-06-21 00-47-52_264.png,0.0
264,2024-06-21 00-47-53_265.png,0.0
265,2024-06-21 00-47-53_266.png,0.0
266,2024-06-21 00-47-54_267.png,0.0
267,2024-06-21 00-47-54_268.png,0.0
268,2024-06-21 00-47-55_269.png,0.0
269,2024-06-21 00-47-55_270.png,0.0
270,2024-06-21 00-47-56_271.png,0.0
271,2024-06-21 00-47-56_272.png,0.0
272,2024-06-21 00-47-57_273.png,0.0
273,2024-06-21 00-47-57_274.png,0.0
274,2024-06-21 00-47-58_275.png,0.0
275,2024-06-21 00-47-58_276.png,0.0
276,2024-06-21 00-47-59_277.png,0.0
277,2024-06-21 00-48-00_278.png,0.0
278,2024-06-21 00-48-00_279.png,0.0
279,2024-06-21 00-48-01_280.png,0.007950071718497268
280,2024-06-21 00-48-01_281.png,0.0
281,2024-06-21 00-48-02_282.png,0.003982665486617634
282,2024-06-21 00-48-02_283.png,0.0
283,2024-06-21 00-48-03_284.png,0.0
284,2024-06-21 00-48-03_285.png,0.011917477950376903
285,2024-06-21 00-48-04_286.png,0.007950071718497268
286,2024-06-21 00-48-04_287.png,1.5259254737998596e-05
287,2024-06-21 00-48-05_288.png,0.0
288,2024-06-21 00-48-05_289.png,0.0
289,2024-06-21 00-48-06_290.png,0.0
290,2024-06-21 00-48-07_291.png,0.0
291,2024-06-21 00-48-07_292.png,0.0
292,2024-06-21 00-48-08_293.png,0.0
293,2024-06-21 00-48-08_294.png,0.0
294,2024-06-21 00-48-09_295.png,0.0
295,2024-06-21 00-48-09_296.png,0.0
296,2024-06-21 00-48-10_297.png,0.0
297,2024-06-21 00-48-10_298.png,0.0
298,2024-06-21 00-48-11_299.png,0.0
299,2024-06-21 00-48-11_300.png,0.0
300,2024-06-21 00-48-12_301.png,0.0
301,2024-06-21 00-48-12_302.png,0.0
302,2024-06-21 00-48-13_303.png,-0.015625476851710562
303,2024-06-21 00-48-13_304.png,-0.06250190740684225
304,2024-06-21 00-48-14_305.png,-0.08203375347148045
305,2024-06-21 00-48-14_306.png,-0.06250190740684225
306,2024-06-21 00-48-15_307.png,-0.06250190740684225
307,2024-06-21 00-48-16_308.png,-0.06250190740684225
308,2024-06-21 00-48-16_309.png,-0.06250190740684225
309,2024-06-21 00-48-17_310.png,-0.07812738425855281
310,2024-06-21 00-48-17_311.png,-0.08984649189733573
311,2024-06-21 00-48-18_312.png,-0.10937833796197394
312,2024-06-21 00-48-18_313.png,-0.039063692129276406
313,2024-06-21 00-48-19_314.png,-0.023438215277565844
314,2024-06-21 00-48-19_315.png,-0.035157322916348765
315,2024-06-21 00-48-20_316.png,-0.007812738425855281
316,2024-06-21 00-48-20_317.png,-0.011719107638782922
317,2024-06-21 00-48-21_318.png,-0.16016113773003327
318,2024-06-21 00-48-21_319.png,-0.09375286111026337
319,2024-06-21 00-48-22_320.png,-0.06640827661976989
320,2024-06-21 00-48-23_321.png,-0.07422101504562517
321,2024-06-21 00-48-23_322.png,-0.05859553819391461
322,2024-06-21 00-48-24_323.png,-0.05859553819391461
323,2024-06-21 00-48-24_324.png,-0.05468916898098697
324,2024-06-21 00-48-25_325.png,-0.04297006134220405
325,2024-06-21 00-48-25_326.png,-0.031250953703421125
326,2024-06-21 00-48-26_327.png,-0.05078279976805933
327,2024-06-21 00-48-26_328.png,-0.09765923032319102
328,2024-06-21 00-48-27_329.png,-0.10156559953611866
329,2024-06-21 00-48-27_330.png,-0.09765923032319102
330,2024-06-21 00-48-28_331.png,0.0
331,2024-06-21 00-48-28_332.png,0.0
332,2024-06-21 00-48-29_333.png,0.0
333,2024-06-21 00-48-29_334.png,0.019852290414136175
334,2024-06-21 00-48-30_335.png,-0.035157322916348765
335,2024-06-21 00-48-31_336.png,0.007950071718497268
336,2024-06-21 00-48-31_337.png,-0.003906369212927641
337,2024-06-21 00-48-32_338.png,0.023819696646015808
338,2024-06-21 00-48-32_339.png,0.0
339,2024-06-21 00-48-33_340.png,0.0
340,2024-06-21 00-48-33_341.png,0.0
341,2024-06-21 00-48-34_342.png,0.0
342,2024-06-21 00-48-34_343.png,0.0
343,2024-06-21 00-48-35_344.png,0.019852290414136175
344,2024-06-21 00-48-35_345.png,0.0
345,2024-06-21 00-48-36_346.png,0.0
346,2024-06-21 00-48-36_347.png,0.04367198706015198
347,2024-06-21 00-48-37_348.png,0.023819696646015808
348,2024-06-21 00-48-38_349.png,0.08334604937894834
349,2024-06-21 00-48-38_350.png,0.09524826807458724
350,2024-06-21 00-48-39_351.png,0.09921567430646687
351,2024-06-21 00-48-39_352.png,0.10715048677022614
352,2024-06-21 00-48-40_353.png,0.10715048677022614
353,2024-06-21 00-48-40_354.png,0.0912808618427076
354,2024-06-21 00-48-41_355.png,0.14683980834376048
355,2024-06-21 00-48-41_356.png,0.11111789300210578
356,2024-06-21 00-48-42_357.png,0.08334604937894834
357,2024-06-21 00-48-42_358.png,0.05954161198767052
358,2024-06-21 00-48-43_359.png,0.05160679952391125
359,2024-06-21 00-48-43_360.png,0.05160679952391125
360,2024-06-21 00-48-44_361.png,0.05160679952391125
361,2024-06-21 00-48-45_362.png,0.05160679952391125
362,2024-06-21 00-48-45_363.png,0.05160679952391125
363,2024-06-21 00-48-46_364.png,0.11111789300210578
364,2024-06-21 00-48-46_365.png,0.1031830805383465
365,2024-06-21 00-48-47_366.png,0.09921567430646687
366,2024-06-21 00-48-47_367.png,0.0912808618427076
367,2024-06-21 00-48-48_368.png,0.0
368,2024-06-21 00-48-48_369.png,-0.027344584490493484
369,2024-06-21 00-48-49_370.png,-0.027344584490493484
370,2024-06-21 00-48-49_371.png,-0.07031464583269753
371,2024-06-21 00-48-50_372.png,-0.12891018402661214
372,2024-06-21 00-48-50_373.png,-0.15625476851710562
373,2024-06-21 00-48-51_374.png,-0.09765923032319102
374,2024-06-21 00-48-52_375.png,-0.023438215277565844
375,2024-06-21 00-48-52_376.png,-0.06640827661976989
376,2024-06-21 00-48-53_377.png,-0.09375286111026337
377,2024-06-21 00-48-53_378.png,-0.0859401226844081
378,2024-06-21 00-48-54_379.png,-0.06640827661976989
379,2024-06-21 00-48-54_380.png,-0.05078279976805933
380,2024-06-21 00-48-55_381.png,-0.019531846064638203
381,2024-06-21 00-48-55_382.png,-0.05468916898098697
382,2024-06-21 00-48-56_383.png,-0.06640827661976989
383,2024-06-21 00-48-56_384.png,-0.05859553819391461
384,2024-06-21 00-48-57_385.png,-0.05859553819391461
385,2024-06-21 00-48-57_386.png,-0.05859553819391461
386,2024-06-21 00-48-58_387.png,-0.035157322916348765
387,2024-06-21 00-48-58_388.png,-0.08984649189733573
388,2024-06-21 00-48-59_389.png,-0.05468916898098697
389,2024-06-21 00-49-00_390.png,-0.06250190740684225
390,2024-06-21 00-49-00_391.png,-0.05078279976805933
391,2024-06-21 00-49-01_392.png,-0.07422101504562517
392,2024-06-21 00-49-01_393.png,-0.04297006134220405
393,2024-06-21 00-49-02_394.png,-0.035157322916348765
394,2024-06-21 00-49-02_395.png,-0.08984649189733573
395,2024-06-21 00-49-03_396.png,-0.0859401226844081
396,2024-06-21 00-49-03_397.png,-0.07422101504562517
397,2024-06-21 00-49-04_398.png,-0.07812738425855281
398,2024-06-21 00-49-04_399.png,-0.07812738425855281
399,2024-06-21 00-49-05_400.png,-0.07812738425855281
400,2024-06-21 00-49-05_401.png,-0.07422101504562517
401,2024-06-21 00-49-06_402.png,-0.06640827661976989
402,2024-06-21 00-49-07_403.png,-0.05078279976805933
403,2024-06-21 00-49-07_404.png,-0.04297006134220405
404,2024-06-21 00-49-08_405.png,-0.05078279976805933
405,2024-06-21 00-49-08_406.png,-0.039063692129276406
406,2024-06-21 00-49-09_407.png,-0.05468916898098697
407,2024-06-21 00-49-09_408.png,-0.07812738425855281
408,2024-06-21 00-49-10_409.png,-0.06250190740684225
409,2024-06-21 00-49-10_410.png,-0.05859553819391461
410,2024-06-21 00-49-11_411.png,-0.05859553819391461
411,2024-06-21 00-49-11_412.png,-0.05859553819391461
412,2024-06-21 00-49-12_413.png,-0.05468916898098697
413,2024-06-21 00-49-13_414.png,-0.05078279976805933
414,2024-06-21 00-49-13_415.png,-0.05078279976805933
415,2024-06-21 00-49-14_416.png,-0.08203375347148045
416,2024-06-21 00-49-14_417.png,-0.08984649189733573
417,2024-06-21 00-49-15_418.png,-0.07031464583269753
418,2024-06-21 00-49-15_419.png,-0.06250190740684225
419,2024-06-21 00-49-16_420.png,-0.04297006134220405
420,2024-06-21 00-49-16_421.png,-0.04687643055513169
421,2024-06-21 00-49-17_422.png,-0.05078279976805933
422,2024-06-21 00-49-17_423.png,0.011917477950376903
423,2024-06-21 00-49-18_424.png,0.0
424,2024-06-21 00-49-18_425.png,0.0
425,2024-06-21 00-49-19_426.png,0.0
426,2024-06-21 00-49-19_427.png,0.0
427,2024-06-21 00-49-20_428.png,0.0
428,2024-06-21 00-49-20_429.png,0.0
429,2024-06-21 00-49-21_430.png,0.0
430,2024-06-21 00-49-22_431.png,0.0
431,2024-06-21 00-49-22_432.png,0.0
432,2024-06-21 00-49-23_433.png,0.0
433,2024-06-21 00-49-23_434.png,0.0
434,2024-06-21 00-49-24_435.png,0.0
435,2024-06-21 00-49-24_436.png,0.0
436,2024-06-21 00-49-25_437.png,0.0
437,2024-06-21 00-49-25_438.png,0.0
438,2024-06-21 00-49-26_439.png,-0.007812738425855281
439,2024-06-21 00-49-26_440.png,-0.011719107638782922
440,2024-06-21 00-49-27_441.png,0.0
441,2024-06-21 00-49-27_442.png,0.0
442,2024-06-21 00-49-28_443.png,-0.027344584490493484
443,2024-06-21 00-49-28_444.png,-0.015625476851710562
444,2024-06-21 00-49-29_445.png,0.0
445,2024-06-21 00-49-29_446.png,0.0
446,2024-06-21 00-49-30_447.png,0.08731345561082797
447,2024-06-21 00-49-31_448.png,0.10715048677022614
448,2024-06-21 00-49-31_449.png,0.48016296884060183
449,2024-06-21 00-49-32_450.png,0.5
450,2024-06-21 00-49-32_451.png,0.44444105349894714
451,2024-06-21 00-49-33_452.png,0.1944486831263161
452,2024-06-21 00-49-33_453.png,-0.07812738425855281
453,2024-06-21 00-49-34_454.png,0.0
454,2024-06-21 00-49-34_455.png,0.0
455,2024-06-21 00-49-35_456.png,-0.1054719687490463
456,2024-06-21 00-49-35_457.png,-0.10937833796197394
457,2024-06-21 00-49-36_458.png,-0.035157322916348765
458,2024-06-21 00-49-36_459.png,0.0
459,2024-06-21 00-49-37_460.png,0.0
460,2024-06-21 00-49-38_461.png,-0.12891018402661214
461,2024-06-21 00-49-38_462.png,-0.12891018402661214
462,2024-06-21 00-49-39_463.png,-0.07031464583269753
463,2024-06-21 00-49-39_464.png,0.0
464,2024-06-21 00-49-40_465.png,0.0
465,2024-06-21 00-49-40_466.png,-0.05468916898098697
466,2024-06-21 00-49-41_467.png,-0.07031464583269753
467,2024-06-21 00-49-41_468.png,-0.10156559953611866
468,2024-06-21 00-49-42_469.png,-0.039063692129276406
469,2024-06-21 00-49-42_470.png,-0.027344584490493484
470,2024-06-21 00-49-43_471.png,-0.09375286111026337
471,2024-06-21 00-49-43_472.png,-0.12109744560075686
472,2024-06-21 00-49-44_473.png,-0.0859401226844081
473,2024-06-21 00-49-45_474.png,-0.031250953703421125
474,2024-06-21 00-49-45_475.png,-0.031250953703421125
475,2024-06-21 00-49-46_476.png,-0.10156559953611866
476,2024-06-21 00-49-46_477.png,-0.06640827661976989
477,2024-06-21 00-49-47_478.png,-0.035157322916348765
478,2024-06-21 00-49-47_479.png,-0.019531846064638203
479,2024-06-21 00-49-48_480.png,-0.0859401226844081
480,2024-06-21 00-49-48_481.png,-0.031250953703421125
481,2024-06-21 00-49-49_482.png,-0.035157322916348765
482,2024-06-21 00-49-49_483.png,-0.05078279976805933
483,2024-06-21 00-49-50_484.png,-0.05468916898098697
484,2024-06-21 00-49-50_485.png,0.0
485,2024-06-21 00-49-51_486.png,-0.003906369212927641
486,2024-06-21 00-49-51_487.png,0.0
487,2024-06-21 00-49-52_488.png,0.0
488,2024-06-21 00-49-52_489.png,0.0
489,2024-06-21 00-49-53_490.png,0.0
490,2024-06-21 00-49-54_491.png,0.0
491,2024-06-21 00-49-54_492.png,0.0
492,2024-06-21 00-49-55_493.png,0.0
493,2024-06-21 00-49-55_494.png,0.0
494,2024-06-21 00-49-56_495.png,0.0
495,2024-06-21 00-49-56_496.png,0.011917477950376903
496,2024-06-21 00-49-57_497.png,0.0
497,2024-06-21 00-49-57_498.png,0.003982665486617634
498,2024-06-21 00-49-58_499.png,0.05954161198767052
499,2024-06-21 00-49-58_500.png,-0.039063692129276406
500,2024-06-21 00-49-59_501.png,0.0
501,2024-06-21 00-49-59_502.png,0.0
502,2024-06-21 00-50-00_503.png,0.0
503,2024-06-21 00-50-01_504.png,0.0
504,2024-06-21 00-50-01_505.png,0.0
505,2024-06-21 00-50-02_506.png,0.0
506,2024-06-21 00-50-02_507.png,-0.07422101504562517
507,2024-06-21 00-50-03_508.png,0.0
508,2024-06-21 00-50-03_509.png,-0.06640827661976989
509,2024-06-21 00-50-04_510.png,-0.07812738425855281
510,2024-06-21 00-50-04_511.png,-0.07422101504562517
511,2024-06-21 00-50-05_512.png,-0.023438215277565844
512,2024-06-21 00-50-05_513.png,-0.019531846064638203
513,2024-06-21 00-50-06_514.png,-0.019531846064638203
514,2024-06-21 00-50-06_515.png,-0.0859401226844081
515,2024-06-21 00-50-07_516.png,-0.08203375347148045
516,2024-06-21 00-50-07_517.png,-0.07812738425855281
517,2024-06-21 00-50-08_518.png,-0.07812738425855281
518,2024-06-21 00-50-08_519.png,-0.1054719687490463
519,2024-06-21 00-50-09_520.png,-0.1054719687490463
520,2024-06-21 00-50-10_521.png,-0.09375286111026337
521,2024-06-21 00-50-10_522.png,-0.023438215277565844
522,2024-06-21 00-50-11_523.png,-0.035157322916348765
523,2024-06-21 00-50-11_524.png,-0.0859401226844081
524,2024-06-21 00-50-12_525.png,-0.08203375347148045
525,2024-06-21 00-50-12_526.png,-0.031250953703421125
526,2024-06-21 00-50-13_527.png,-0.04687643055513169
527,2024-06-21 00-50-13_528.png,-0.08984649189733573
528,2024-06-21 00-50-14_529.png,-0.06640827661976989
529,2024-06-21 00-50-14_530.png,-0.04687643055513169
530,2024-06-21 00-50-15_531.png,-0.06640827661976989
531,2024-06-21 00-50-16_532.png,-0.06640827661976989
532,2024-06-21 00-50-16_533.png,-0.019531846064638203
533,2024-06-21 00-50-17_534.png,0.0
534,2024-06-21 00-50-17_535.png,-0.019531846064638203
535,2024-06-21 00-50-18_536.png,-0.08984649189733573
536,2024-06-21 00-50-18_537.png,-0.05859553819391461
537,2024-06-21 00-50-19_538.png,0.0
538,2024-06-21 00-50-19_539.png,0.0
539,2024-06-21 00-50-20_540.png,0.0
540,2024-06-21 00-50-20_541.png,0.0
541,2024-06-21 00-50-21_542.png,0.0
542,2024-06-21 00-50-21_543.png,0.03968932157353435
543,2024-06-21 00-50-22_544.png,0.0
544,2024-06-21 00-50-22_545.png,0.0
545,2024-06-21 00-50-23_546.png,0.003982665486617634
546,2024-06-21 00-50-24_547.png,0.0
547,2024-06-21 00-50-24_548.png,0.09524826807458724
548,2024-06-21 00-50-25_549.png,-0.05859553819391461
549,2024-06-21 00-50-25_550.png,0.0
550,2024-06-21 00-50-26_551.png,0.0
551,2024-06-21 00-50-26_552.png,0.0
552,2024-06-21 00-50-27_553.png,0.0
553,2024-06-21 00-50-27_554.png,0.0
554,2024-06-21 00-50-28_555.png,0.0
555,2024-06-21 00-50-28_556.png,0.0
556,2024-06-21 00-50-29_557.png,0.0
557,2024-06-21 00-50-29_558.png,0.0
558,2024-06-21 00-50-30_559.png,0.0
559,2024-06-21 00-50-31_560.png,0.0
560,2024-06-21 00-50-31_561.png,-0.07031464583269753
561,2024-06-21 00-50-32_562.png,-0.05859553819391461
562,2024-06-21 00-50-32_563.png,-0.05078279976805933
563,2024-06-21 00-50-33_564.png,-0.035157322916348765
564,2024-06-21 00-50-33_565.png,-0.023438215277565844
565,2024-06-21 00-50-34_566.png,-0.07031464583269753
566,2024-06-21 00-50-34_567.png,-0.0859401226844081
567,2024-06-21 00-50-35_568.png,-0.08984649189733573
568,2024-06-21 00-50-35_569.png,-0.11328470717490158
569,2024-06-21 00-50-36_570.png,-0.07812738425855281
570,2024-06-21 00-50-36_571.png,-0.06640827661976989
571,2024-06-21 00-50-37_572.png,-0.05468916898098697
572,2024-06-21 00-50-37_573.png,-0.05078279976805933
573,2024-06-21 00-50-38_574.png,-0.09375286111026337
574,2024-06-21 00-50-39_575.png,-0.0859401226844081
575,2024-06-21 00-50-39_576.png,-0.06250190740684225
576,2024-06-21 00-50-40_577.png,-0.06250190740684225
577,2024-06-21 00-50-40_578.png,-0.05859553819391461
578,2024-06-21 00-50-41_579.png,-0.039063692129276406
579,2024-06-21 00-50-41_580.png,-0.07422101504562517
580,2024-06-21 00-50-42_581.png,-0.039063692129276406
581,2024-06-21 00-50-42_582.png,-0.039063692129276406
582,2024-06-21 00-50-43_583.png,-0.07812738425855281
583,2024-06-21 00-50-43_584.png,-0.09765923032319102
584,2024-06-21 00-50-44_585.png,-0.06640827661976989
585,2024-06-21 00-50-44_586.png,-0.10937833796197394
586,2024-06-21 00-50-45_587.png,-0.0859401226844081
587,2024-06-21 00-50-46_588.png,-0.09375286111026337
588,2024-06-21 00-50-46_589.png,0.0793786431470687
589,2024-06-21 00-50-47_590.png,0.5
590,2024-06-21 00-50-47_591.png,0.5
591,2024-06-21 00-50-48_592.png,0.5
592,2024-06-21 00-50-48_593.png,0.5
593,2024-06-21 00-50-49_594.png,0.0
594,2024-06-21 00-50-49_595.png,0.0
595,2024-06-21 00-50-50_596.png,-0.0859401226844081
596,2024-06-21 00-50-50_597.png,0.0
597,2024-06-21 00-50-51_598.png,-0.003906369212927641
598,2024-06-21 00-50-51_599.png,-0.16797387615588855
599,2024-06-21 00-50-52_600.png,-0.0859401226844081
600,2024-06-21 00-50-52_601.png,-0.08984649189733573
601,2024-06-21 00-50-53_602.png,0.0
602,2024-06-21 00-50-53_603.png,0.0
603,2024-06-21 00-50-54_604.png,-0.06640827661976989
604,2024-06-21 00-50-55_605.png,-0.1054719687490463
605,2024-06-21 00-50-55_606.png,-0.05859553819391461
606,2024-06-21 00-50-56_607.png,-0.05468916898098697
607,2024-06-21 00-50-56_608.png,-0.06640827661976989
608,2024-06-21 00-50-57_609.png,-0.07031464583269753
609,2024-06-21 00-50-57_610.png,-0.0859401226844081
610,2024-06-21 00-50-58_611.png,-0.09375286111026337
611,2024-06-21 00-50-58_612.png,-0.10156559953611866
612,2024-06-21 00-50-59_613.png,-0.07031464583269753
613,2024-06-21 00-50-59_614.png,-0.05859553819391461
614,2024-06-21 00-51-00_615.png,-0.05859553819391461
615,2024-06-21 00-51-00_616.png,-0.0859401226844081
616,2024-06-21 00-51-01_617.png,-0.0859401226844081
617,2024-06-21 00-51-02_618.png,-0.0859401226844081
618,2024-06-21 00-51-02_619.png,-0.039063692129276406
619,2024-06-21 00-51-03_620.png,0.0
620,2024-06-21 00-51-03_621.png,-0.011719107638782922
621,2024-06-21 00-51-04_622.png,-0.06250190740684225
622,2024-06-21 00-51-04_623.png,-0.05468916898098697
623,2024-06-21 00-51-05_624.png,0.0
624,2024-06-21 00-51-05_625.png,0.0
625,2024-06-21 00-51-06_626.png,-0.035157322916348765
626,2024-06-21 00-51-06_627.png,0.0
627,2024-06-21 00-51-07_628.png,0.0
628,2024-06-21 00-51-07_629.png,0.0
629,2024-06-21 00-51-08_630.png,0.0
630,2024-06-21 00-51-09_631.png,0.0
631,2024-06-21 00-51-09_632.png,0.0
632,2024-06-21 00-51-10_633.png,0.0
633,2024-06-21 00-51-10_634.png,0.0
634,2024-06-21 00-51-11_635.png,0.0
635,2024-06-21 00-51-11_636.png,0.0
636,2024-06-21 00-51-12_637.png,0.0
637,2024-06-21 00-51-12_638.png,0.0
638,2024-06-21 00-51-13_639.png,0.0
639,2024-06-21 00-51-13_640.png,0.0
640,2024-06-21 00-51-14_641.png,0.0
641,2024-06-21 00-51-14_642.png,0.0
642,2024-06-21 00-51-15_643.png,0.0
643,2024-06-21 00-51-15_644.png,0.0
644,2024-06-21 00-51-16_645.png,0.0
645,2024-06-21 00-51-17_646.png,0.0
646,2024-06-21 00-51-17_647.png,0.0
647,2024-06-21 00-51-18_648.png,0.0
648,2024-06-21 00-51-18_649.png,0.0
649,2024-06-21 00-51-19_650.png,0.0
650,2024-06-21 00-51-19_651.png,0.0
651,2024-06-21 00-51-20_652.png,0.0
652,2024-06-21 00-51-20_653.png,0.0
653,2024-06-21 00-51-21_654.png,0.0
654,2024-06-21 00-51-21_655.png,0.0
655,2024-06-21 00-51-22_656.png,0.0
656,2024-06-21 00-51-22_657.png,0.0
657,2024-06-21 00-51-23_658.png,0.0
658,2024-06-21 00-51-23_659.png,0.0
659,2024-06-21 00-51-24_660.png,0.0
660,2024-06-21 00-51-25_661.png,0.0
661,2024-06-21 00-51-25_662.png,0.0
662,2024-06-21 00-51-26_663.png,0.0
663,2024-06-21 00-51-26_664.png,0.0
664,2024-06-21 00-51-27_665.png,0.0
665,2024-06-21 00-51-27_666.png,0.0
666,2024-06-21 00-51-28_667.png,0.0
667,2024-06-21 00-51-28_668.png,-0.031250953703421125
668,2024-06-21 00-51-29_669.png,0.0
669,2024-06-21 00-51-29_670.png,0.0
670,2024-06-21 00-51-30_671.png,0.0
671,2024-06-21 00-51-30_672.png,0.0
672,2024-06-21 00-51-31_673.png,0.0
673,2024-06-21 00-51-32_674.png,-0.07422101504562517
674,2024-06-21 00-51-32_675.png,0.0
675,2024-06-21 00-51-33_676.png,0.0
676,2024-06-21 00-51-33_677.png,1.5259254737998596e-05
677,2024-06-21 00-51-34_678.png,0.07144383068330942
678,2024-06-21 00-51-34_679.png,0.0
679,2024-06-21 00-51-35_680.png,0.0
680,2024-06-21 00-51-35_681.png,0.0
681,2024-06-21 00-51-36_682.png,0.0
682,2024-06-21 00-51-36_683.png,0.0
683,2024-06-21 00-51-37_684.png,0.0
684,2024-06-21 00-51-37_685.png,0.0
685,2024-06-21 00-51-38_686.png,0.0
686,2024-06-21 00-51-38_687.png,0.0
687,2024-06-21 00-51-39_688.png,0.003982665486617634
688,2024-06-21 00-51-40_689.png,0.0
689,2024-06-21 00-51-40_690.png,0.0
690,2024-06-21 00-51-41_691.png,0.0
691,2024-06-21 00-51-41_692.png,0.0
692,2024-06-21 00-51-42_693.png,0.0
693,2024-06-21 00-51-42_694.png,-0.031250953703421125
694,2024-06-21 00-51-43_695.png,-0.04687643055513169
695,2024-06-21 00-51-43_696.png,-0.06640827661976989
696,2024-06-21 00-51-44_697.png,-0.07422101504562517
697,2024-06-21 00-51-44_698.png,-0.08984649189733573
698,2024-06-21 00-51-45_699.png,-0.07422101504562517
699,2024-06-21 00-51-45_700.png,-0.06250190740684225
700,2024-06-21 00-51-46_701.png,-0.035157322916348765
701,2024-06-21 00-51-47_702.png,-0.015625476851710562
702,2024-06-21 00-51-47_703.png,-0.05468916898098697
703,2024-06-21 00-51-48_704.png,-0.05859553819391461
704,2024-06-21 00-51-48_705.png,-0.09375286111026337
705,2024-06-21 00-51-49_706.png,-0.08984649189733573
706,2024-06-21 00-51-49_707.png,-0.0859401226844081
707,2024-06-21 00-51-50_708.png,-0.0859401226844081
708,2024-06-21 00-51-50_709.png,-0.08203375347148045
709,2024-06-21 00-51-51_710.png,-0.07031464583269753
710,2024-06-21 00-51-51_711.png,-0.06640827661976989
711,2024-06-21 00-51-52_712.png,-0.007812738425855281
712,2024-06-21 00-51-52_713.png,-0.0859401226844081
713,2024-06-21 00-51-53_714.png,-0.1054719687490463
714,2024-06-21 00-51-53_715.png,-0.06250190740684225
715,2024-06-21 00-51-54_716.png,-0.04687643055513169
716,2024-06-21 00-51-55_717.png,-0.05468916898098697
717,2024-06-21 00-51-55_718.png,-0.05078279976805933
718,2024-06-21 00-51-56_719.png,-0.06640827661976989
719,2024-06-21 00-51-56_720.png,0.0
720,2024-06-21 00-51-57_721.png,0.0
721,2024-06-21 00-51-57_722.png,0.0
722,2024-06-21 00-51-58_723.png,0.0
723,2024-06-21 00-51-58_724.png,0.0
724,2024-06-21 00-51-59_725.png,-0.015625476851710562
725,2024-06-21 00-51-59_726.png,0.0
726,2024-06-21 00-52-00_727.png,0.0
727,2024-06-21 00-52-00_728.png,0.0
728,2024-06-21 00-52-01_729.png,0.0
729,2024-06-21 00-52-01_730.png,0.0
730,2024-06-21 00-52-02_731.png,-0.039063692129276406
731,2024-06-21 00-52-03_732.png,0.0
732,2024-06-21 00-52-03_733.png,0.007950071718497268
733,2024-06-21 00-52-04_734.png,-0.015625476851710562
734,2024-06-21 00-52-04_735.png,0.0
735,2024-06-21 00-52-05_736.png,0.05557420575579089
736,2024-06-21 00-52-05_737.png,-0.011719107638782922
737,2024-06-21 00-52-06_738.png,0.0
738,2024-06-21 00-52-06_739.png,0.0
739,2024-06-21 00-52-07_740.png,0.0
740,2024-06-21 00-52-07_741.png,0.0
741,2024-06-21 00-52-08_742.png,0.0
742,2024-06-21 00-52-08_743.png,0.0
743,2024-06-21 00-52-09_744.png,0.0
744,2024-06-21 00-52-10_745.png,-0.007812738425855281
745,2024-06-21 00-52-10_746.png,0.0
746,2024-06-21 00-52-11_747.png,0.0
747,2024-06-21 00-52-11_748.png,-0.003906369212927641
748,2024-06-21 00-52-12_749.png,0.0
749,2024-06-21 00-52-12_750.png,0.0
750,2024-06-21 00-52-13_751.png,0.0
751,2024-06-21 00-52-13_752.png,0.0
752,2024-06-21 00-52-14_753.png,0.0
753,2024-06-21 00-52-14_754.png,0.0
754,2024-06-21 00-52-15_755.png,0.0
755,2024-06-21 00-52-15_756.png,0.0
756,2024-06-21 00-52-16_757.png,0.0
757,2024-06-21 00-52-17_758.png,0.0
758,2024-06-21 00-52-17_759.png,0.0
759,2024-06-21 00-52-18_760.png,0.0
760,2024-06-21 00-52-18_761.png,-0.011719107638782922
761,2024-06-21 00-52-19_762.png,-0.015625476851710562
762,2024-06-21 00-52-19_763.png,0.0
763,2024-06-21 00-52-20_764.png,0.0
764,2024-06-21 00-52-20_765.png,0.0
765,2024-06-21 00-52-21_766.png,0.0
766,2024-06-21 00-52-21_767.png,0.0
767,2024-06-21 00-52-22_768.png,0.0
768,2024-06-21 00-52-22_769.png,0.0
769,2024-06-21 00-52-23_770.png,0.0
770,2024-06-21 00-52-24_771.png,0.0
771,2024-06-21 00-52-24_772.png,0.0
772,2024-06-21 00-52-25_773.png,0.0
773,2024-06-21 00-52-25_774.png,0.0
774,2024-06-21 00-52-26_775.png,0.0
775,2024-06-21 00-52-26_776.png,0.0
776,2024-06-21 00-52-27_777.png,0.0
777,2024-06-21 00-52-27_778.png,0.0
778,2024-06-21 00-52-28_779.png,0.0
779,2024-06-21 00-52-28_780.png,0.0
780,2024-06-21 00-52-29_781.png,0.0
781,2024-06-21 00-52-29_782.png,0.0
782,2024-06-21 00-52-30_783.png,0.0
783,2024-06-21 00-52-30_784.png,0.0
784,2024-06-21 00-52-31_785.png,1.5259254737998596e-05
785,2024-06-21 00-52-31_786.png,0.0
786,2024-06-21 00-52-32_787.png,0.0
787,2024-06-21 00-52-33_788.png,0.0
788,2024-06-21 00-52-33_789.png,0.0
789,2024-06-21 00-52-34_790.png,0.0
790,2024-06-21 00-52-34_791.png,0.0
791,2024-06-21 00-52-35_792.png,0.0
792,2024-06-21 00-52-35_793.png,0.0
793,2024-06-21 00-52-36_794.png,0.007950071718497268
794,2024-06-21 00-52-36_795.png,0.0
795,2024-06-21 00-52-37_796.png,0.0
796,2024-06-21 00-52-37_797.png,0.0
797,2024-06-21 00-52-38_798.png,0.0
798,2024-06-21 00-52-38_799.png,0.0
799,2024-06-21 00-52-39_800.png,0.0
800,2024-06-21 00-52-39_801.png,0.0
801,2024-06-21 00-52-40_802.png,0.0
802,2024-06-21 00-52-41_803.png,0.0
803,2024-06-21 00-52-41_804.png,0.0
804,2024-06-21 00-52-42_805.png,0.0
805,2024-06-21 00-52-42_806.png,0.0
806,2024-06-21 00-52-43_807.png,0.0
807,2024-06-21 00-52-43_808.png,-0.035157322916348765
808,2024-06-21 00-52-44_809.png,-0.05468916898098697
809,2024-06-21 00-52-44_810.png,-0.05468916898098697
810,2024-06-21 00-52-45_811.png,1.5259254737998596e-05
811,2024-06-21 00-52-45_812.png,-0.011719107638782922
812,2024-06-21 00-52-46_813.png,-0.06250190740684225
813,2024-06-21 00-52-46_814.png,-0.08203375347148045
814,2024-06-21 00-52-47_815.png,-0.07031464583269753
815,2024-06-21 00-52-48_816.png,-0.07031464583269753
816,2024-06-21 00-52-48_817.png,-0.06640827661976989
817,2024-06-21 00-52-49_818.png,-0.06640827661976989
818,2024-06-21 00-52-49_819.png,-0.06640827661976989
819,2024-06-21 00-52-50_820.png,-0.06640827661976989
820,2024-06-21 00-52-50_821.png,-0.06640827661976989
821,2024-06-21 00-52-51_822.png,-0.06250190740684225
822,2024-06-21 00-52-51_823.png,-0.06250190740684225
823,2024-06-21 00-52-52_824.png,-0.06250190740684225
824,2024-06-21 00-52-52_825.png,-0.039063692129276406
825,2024-06-21 00-52-53_826.png,-0.003906369212927641
826,2024-06-21 00-52-53_827.png,-0.019531846064638203
827,2024-06-21 00-52-54_828.png,-0.10156559953611866
828,2024-06-21 00-52-55_829.png,-0.08984649189733573
829,2024-06-21 00-52-55_830.png,-0.07812738425855281
830,2024-06-21 00-52-56_831.png,-0.07812738425855281
831,2024-06-21 00-52-56_832.png,-0.07422101504562517
832,2024-06-21 00-52-57_833.png,-0.07422101504562517
833,2024-06-21 00-52-57_834.png,-0.07031464583269753
834,2024-06-21 00-52-58_835.png,-0.05078279976805933
835,2024-06-21 00-52-58_836.png,-0.05859553819391461
836,2024-06-21 00-52-59_837.png,-0.031250953703421125
837,2024-06-21 00-52-59_838.png,0.0
838,2024-06-21 00-53-00_839.png,0.0
839,2024-06-21 00-53-00_840.png,0.0
840,2024-06-21 00-53-01_841.png,0.0
841,2024-06-21 00-53-02_842.png,1.5259254737998596e-05
842,2024-06-21 00-53-02_843.png,0.011917477950376903
843,2024-06-21 00-53-03_844.png,0.0
844,2024-06-21 00-53-03_845.png,0.0
845,2024-06-21 00-53-04_846.png,0.0
846,2024-06-21 00-53-04_847.png,0.0
847,2024-06-21 00-53-05_848.png,0.0
848,2024-06-21 00-53-05_849.png,0.0
849,2024-06-21 00-53-06_850.png,0.003982665486617634
850,2024-06-21 00-53-06_851.png,0.007950071718497268
851,2024-06-21 00-53-07_852.png,0.011917477950376903
852,2024-06-21 00-53-07_853.png,0.011917477950376903
853,2024-06-21 00-53-08_854.png,0.0
854,2024-06-21 00-53-09_855.png,0.0
855,2024-06-21 00-53-09_856.png,0.0
856,2024-06-21 00-53-10_857.png,0.0
857,2024-06-21 00-53-10_858.png,0.0
858,2024-06-21 00-53-11_859.png,0.0
859,2024-06-21 00-53-11_860.png,0.0
860,2024-06-21 00-53-12_861.png,0.0
861,2024-06-21 00-53-12_862.png,0.0
862,2024-06-21 00-53-13_863.png,0.0
863,2024-06-21 00-53-13_864.png,0.0
864,2024-06-21 00-53-14_865.png,0.0
865,2024-06-21 00-53-14_866.png,0.0
866,2024-06-21 00-53-15_867.png,0.0
867,2024-06-21 00-53-15_868.png,0.0
868,2024-06-21 00-53-16_869.png,-0.019531846064638203
869,2024-06-21 00-53-17_870.png,0.0
870,2024-06-21 00-53-17_871.png,0.0
871,2024-06-21 00-53-18_872.png,0.0
872,2024-06-21 00-53-18_873.png,0.0
873,2024-06-21 00-53-19_874.png,0.0
874,2024-06-21 00-53-19_875.png,0.0
875,2024-06-21 00-53-20_876.png,0.0
876,2024-06-21 00-53-20_877.png,0.0
877,2024-06-21 00-53-21_878.png,0.0
878,2024-06-21 00-53-21_879.png,0.0
879,2024-06-21 00-53-22_880.png,0.0
880,2024-06-21 00-53-22_881.png,0.0
881,2024-06-21 00-53-23_882.png,0.0
882,2024-06-21 00-53-23_883.png,0.0
883,2024-06-21 00-53-24_884.png,0.0
884,2024-06-21 00-53-24_885.png,0.0
885,2024-06-21 00-53-25_886.png,0.0
886,2024-06-21 00-53-26_887.png,0.0
887,2024-06-21 00-53-26_888.png,0.0
888,2024-06-21 00-53-27_889.png,0.0
889,2024-06-21 00-53-27_890.png,0.0
890,2024-06-21 00-53-28_891.png,0.0
891,2024-06-21 00-53-28_892.png,0.0
892,2024-06-21 00-53-29_893.png,0.0
893,2024-06-21 00-53-29_894.png,0.0
894,2024-06-21 00-53-30_895.png,0.0
895,2024-06-21 00-53-30_896.png,0.0
896,2024-06-21 00-53-31_897.png,0.0
897,2024-06-21 00-53-31_898.png,0.0
898,2024-06-21 00-53-32_899.png,0.0
899,2024-06-21 00-53-32_900.png,0.0
900,2024-06-21 00-53-33_901.png,0.0
901,2024-06-21 00-53-34_902.png,0.0
902,2024-06-21 00-53-34_903.png,0.0
903,2024-06-21 00-53-35_904.png,0.0
904,2024-06-21 00-53-35_905.png,0.0
905,2024-06-21 00-53-36_906.png,0.0
906,2024-06-21 00-53-36_907.png,0.0
907,2024-06-21 00-53-37_908.png,0.0
908,2024-06-21 00-53-37_909.png,0.0
909,2024-06-21 00-53-38_910.png,0.0
910,2024-06-21 00-53-38_911.png,0.0
911,2024-06-21 00-53-39_912.png,0.0
912,2024-06-21 00-53-39_913.png,0.0
913,2024-06-21 00-53-40_914.png,0.0
914,2024-06-21 00-53-40_915.png,0.0
915,2024-06-21 00-53-41_916.png,0.0
916,2024-06-21 00-53-42_917.png,0.0
917,2024-06-21 00-53-42_918.png,0.0
918,2024-06-21 00-53-43_919.png,0.0
919,2024-06-21 00-53-43_920.png,0.0
920,2024-06-21 00-53-44_921.png,0.0
921,2024-06-21 00-53-44_922.png,0.0
922,2024-06-21 00-53-45_923.png,0.0
923,2024-06-21 00-53-45_924.png,0.0
924,2024-06-21 00-53-46_925.png,0.0
925,2024-06-21 00-53-46_926.png,0.0
926,2024-06-21 00-53-47_927.png,0.0
927,2024-06-21 00-53-47_928.png,0.0
928,2024-06-21 00-53-48_929.png,0.0
